ROUTE,direction,timetable,trip_id,stop_id,TIME
39,IB,Saturday,8556386,14087,2019-03-21 09:20:00
39,IB,Saturday,8556386,16776,2019-03-21 09:27:00
39,IB,Saturday,8556386,16750,2019-03-21 09:30:00
39,IB,Saturday,8556386,15471,2019-03-21 09:36:00
39,IB,Saturday,8556387,14087,2019-03-21 09:40:00
39,IB,Saturday,8556387,16776,2019-03-21 09:47:00
39,IB,Saturday,8556387,16750,2019-03-21 09:50:00
39,IB,Saturday,8556387,15471,2019-03-21 09:56:00
39,IB,Saturday,8556388,14087,2019-03-21 10:00:00
39,IB,Saturday,8556388,16776,2019-03-21 10:07:00
39,IB,Saturday,8556388,16750,2019-03-21 10:10:00
39,IB,Saturday,8556388,15471,2019-03-21 10:16:00
39,IB,Saturday,8556389,14087,2019-03-21 10:20:00
39,IB,Saturday,8556389,16776,2019-03-21 10:27:00
39,IB,Saturday,8556389,16750,2019-03-21 10:30:00
39,IB,Saturday,8556389,15471,2019-03-21 10:36:00
39,IB,Saturday,8556390,14087,2019-03-21 10:40:00
39,IB,Saturday,8556390,16776,2019-03-21 10:47:00
39,IB,Saturday,8556390,16750,2019-03-21 10:50:00
39,IB,Saturday,8556390,15471,2019-03-21 10:56:00
39,IB,Saturday,8556391,14087,2019-03-21 11:00:00
39,IB,Saturday,8556391,16776,2019-03-21 11:07:00
39,IB,Saturday,8556391,16750,2019-03-21 11:10:00
39,IB,Saturday,8556391,15471,2019-03-21 11:16:00
39,IB,Saturday,8556392,14087,2019-03-21 11:20:00
39,IB,Saturday,8556392,16776,2019-03-21 11:27:00
39,IB,Saturday,8556392,16750,2019-03-21 11:30:00
39,IB,Saturday,8556392,15471,2019-03-21 11:36:00
39,IB,Saturday,8556393,14087,2019-03-21 11:40:00
39,IB,Saturday,8556393,16776,2019-03-21 11:47:00
39,IB,Saturday,8556393,16750,2019-03-21 11:50:00
39,IB,Saturday,8556393,15471,2019-03-21 11:56:00
39,IB,Saturday,8556394,14087,2019-03-21 12:00:00
39,IB,Saturday,8556394,16776,2019-03-21 12:07:00
39,IB,Saturday,8556394,16750,2019-03-21 12:10:00
39,IB,Saturday,8556394,15471,2019-03-21 12:16:00
39,IB,Saturday,8556395,14087,2019-03-21 12:20:00
39,IB,Saturday,8556395,16776,2019-03-21 12:27:00
39,IB,Saturday,8556395,16750,2019-03-21 12:30:00
39,IB,Saturday,8556395,15471,2019-03-21 12:36:00
39,IB,Saturday,8556396,14087,2019-03-21 12:40:00
39,IB,Saturday,8556396,16776,2019-03-21 12:47:00
39,IB,Saturday,8556396,16750,2019-03-21 12:50:00
39,IB,Saturday,8556396,15471,2019-03-21 12:56:00
39,IB,Saturday,8556397,14087,2019-03-21 13:00:00
39,IB,Saturday,8556397,16776,2019-03-21 13:07:00
39,IB,Saturday,8556397,16750,2019-03-21 13:10:00
39,IB,Saturday,8556397,15471,2019-03-21 13:16:00
39,IB,Saturday,8556398,14087,2019-03-21 13:20:00
39,IB,Saturday,8556398,16776,2019-03-21 13:27:00
39,IB,Saturday,8556398,16750,2019-03-21 13:30:00
39,IB,Saturday,8556398,15471,2019-03-21 13:36:00
39,IB,Saturday,8556399,14087,2019-03-21 13:40:00
39,IB,Saturday,8556399,16776,2019-03-21 13:47:00
39,IB,Saturday,8556399,16750,2019-03-21 13:50:00
39,IB,Saturday,8556399,15471,2019-03-21 13:56:00
39,IB,Saturday,8556400,14087,2019-03-21 14:00:00
39,IB,Saturday,8556400,16776,2019-03-21 14:07:00
39,IB,Saturday,8556400,16750,2019-03-21 14:10:00
39,IB,Saturday,8556400,15471,2019-03-21 14:16:00
39,IB,Saturday,8556401,14087,2019-03-21 14:20:00
39,IB,Saturday,8556401,16776,2019-03-21 14:27:00
39,IB,Saturday,8556401,16750,2019-03-21 14:30:00
39,IB,Saturday,8556401,15471,2019-03-21 14:36:00
39,IB,Saturday,8556402,14087,2019-03-21 14:40:00
39,IB,Saturday,8556402,16776,2019-03-21 14:47:00
39,IB,Saturday,8556402,16750,2019-03-21 14:50:00
39,IB,Saturday,8556402,15471,2019-03-21 14:56:00
39,IB,Saturday,8556403,14087,2019-03-21 15:00:00
39,IB,Saturday,8556403,16776,2019-03-21 15:07:00
39,IB,Saturday,8556403,16750,2019-03-21 15:10:00
39,IB,Saturday,8556403,15471,2019-03-21 15:16:00
39,IB,Saturday,8556404,14087,2019-03-21 15:20:00
39,IB,Saturday,8556404,16776,2019-03-21 15:27:00
39,IB,Saturday,8556404,16750,2019-03-21 15:30:00
39,IB,Saturday,8556404,15471,2019-03-21 15:36:00
39,IB,Saturday,8556405,14087,2019-03-21 15:40:00
39,IB,Saturday,8556405,16776,2019-03-21 15:47:00
39,IB,Saturday,8556405,16750,2019-03-21 15:50:00
39,IB,Saturday,8556405,15471,2019-03-21 15:56:00
39,IB,Saturday,8556406,14087,2019-03-21 16:00:00
39,IB,Saturday,8556406,16776,2019-03-21 16:07:00
39,IB,Saturday,8556406,16750,2019-03-21 16:10:00
39,IB,Saturday,8556406,15471,2019-03-21 16:16:00
39,IB,Saturday,8556407,14087,2019-03-21 16:20:00
39,IB,Saturday,8556407,16776,2019-03-21 16:27:00
39,IB,Saturday,8556407,16750,2019-03-21 16:30:00
39,IB,Saturday,8556407,15471,2019-03-21 16:36:00
39,IB,Saturday,8556408,14087,2019-03-21 16:40:00
39,IB,Saturday,8556408,16776,2019-03-21 16:47:00
39,IB,Saturday,8556408,16750,2019-03-21 16:50:00
39,IB,Saturday,8556408,15471,2019-03-21 16:56:00
39,IB,Saturday,8556409,14087,2019-03-21 17:00:00
39,IB,Saturday,8556409,16776,2019-03-21 17:07:00
39,IB,Saturday,8556409,16750,2019-03-21 17:10:00
39,IB,Saturday,8556409,15471,2019-03-21 17:16:00
39,IB,Saturday,8556410,14087,2019-03-21 17:20:00
39,IB,Saturday,8556410,16776,2019-03-21 17:27:00
39,IB,Saturday,8556410,16750,2019-03-21 17:30:00
39,IB,Saturday,8556410,15471,2019-03-21 17:36:00
39,IB,Saturday,8556411,14087,2019-03-21 17:40:00
39,IB,Saturday,8556411,16776,2019-03-21 17:47:00
39,IB,Saturday,8556411,16750,2019-03-21 17:50:00
39,IB,Saturday,8556411,15471,2019-03-21 17:56:00
39,IB,Saturday,8556412,14087,2019-03-21 18:00:00
39,IB,Saturday,8556412,16776,2019-03-21 18:07:00
39,IB,Saturday,8556412,16750,2019-03-21 18:10:00
39,IB,Saturday,8556412,15471,2019-03-21 18:16:00
39,IB,Saturday,8556413,14087,2019-03-21 18:20:00
39,IB,Saturday,8556413,16776,2019-03-21 18:27:00
39,IB,Saturday,8556413,16750,2019-03-21 18:30:00
39,IB,Saturday,8556413,15471,2019-03-21 18:36:00
39,IB,Saturday,8556414,14087,2019-03-21 18:40:00
39,IB,Saturday,8556414,16776,2019-03-21 18:47:00
39,IB,Saturday,8556414,16750,2019-03-21 18:50:00
39,IB,Saturday,8556414,15471,2019-03-21 18:56:00
39,IB,Saturday,8556415,14087,2019-03-21 19:00:00
39,IB,Saturday,8556415,16776,2019-03-21 19:07:00
39,IB,Saturday,8556415,16750,2019-03-21 19:10:00
39,IB,Saturday,8556415,15471,2019-03-21 19:16:00
39,IB,Saturday,8556416,14087,2019-03-21 19:20:00
39,IB,Saturday,8556416,16776,2019-03-21 19:27:00
39,IB,Saturday,8556416,16750,2019-03-21 19:30:00
39,IB,Saturday,8556416,15471,2019-03-21 19:36:00
39,IB,Sunday,8556448,14087,2019-03-21 09:20:00
39,IB,Sunday,8556448,16776,2019-03-21 09:27:00
39,IB,Sunday,8556448,16750,2019-03-21 09:30:00
39,IB,Sunday,8556448,15471,2019-03-21 09:36:00
39,IB,Sunday,8556449,14087,2019-03-21 09:40:00
39,IB,Sunday,8556449,16776,2019-03-21 09:47:00
39,IB,Sunday,8556449,16750,2019-03-21 09:50:00
39,IB,Sunday,8556449,15471,2019-03-21 09:56:00
39,IB,Sunday,8556450,14087,2019-03-21 10:00:00
39,IB,Sunday,8556450,16776,2019-03-21 10:07:00
39,IB,Sunday,8556450,16750,2019-03-21 10:10:00
39,IB,Sunday,8556450,15471,2019-03-21 10:16:00
39,IB,Sunday,8556451,14087,2019-03-21 10:20:00
39,IB,Sunday,8556451,16776,2019-03-21 10:27:00
39,IB,Sunday,8556451,16750,2019-03-21 10:30:00
39,IB,Sunday,8556451,15471,2019-03-21 10:36:00
39,IB,Sunday,8556452,14087,2019-03-21 10:40:00
39,IB,Sunday,8556452,16776,2019-03-21 10:47:00
39,IB,Sunday,8556452,16750,2019-03-21 10:50:00
39,IB,Sunday,8556452,15471,2019-03-21 10:56:00
39,IB,Sunday,8556453,14087,2019-03-21 11:00:00
39,IB,Sunday,8556453,16776,2019-03-21 11:07:00
39,IB,Sunday,8556453,16750,2019-03-21 11:10:00
39,IB,Sunday,8556453,15471,2019-03-21 11:16:00
39,IB,Sunday,8556454,14087,2019-03-21 11:20:00
39,IB,Sunday,8556454,16776,2019-03-21 11:27:00
39,IB,Sunday,8556454,16750,2019-03-21 11:30:00
39,IB,Sunday,8556454,15471,2019-03-21 11:36:00
39,IB,Sunday,8556455,14087,2019-03-21 11:40:00
39,IB,Sunday,8556455,16776,2019-03-21 11:47:00
39,IB,Sunday,8556455,16750,2019-03-21 11:50:00
39,IB,Sunday,8556455,15471,2019-03-21 11:56:00
39,IB,Sunday,8556456,14087,2019-03-21 12:00:00
39,IB,Sunday,8556456,16776,2019-03-21 12:07:00
39,IB,Sunday,8556456,16750,2019-03-21 12:10:00
39,IB,Sunday,8556456,15471,2019-03-21 12:16:00
39,IB,Sunday,8556457,14087,2019-03-21 12:20:00
39,IB,Sunday,8556457,16776,2019-03-21 12:27:00
39,IB,Sunday,8556457,16750,2019-03-21 12:30:00
39,IB,Sunday,8556457,15471,2019-03-21 12:36:00
39,IB,Sunday,8556458,14087,2019-03-21 12:40:00
39,IB,Sunday,8556458,16776,2019-03-21 12:47:00
39,IB,Sunday,8556458,16750,2019-03-21 12:50:00
39,IB,Sunday,8556458,15471,2019-03-21 12:56:00
39,IB,Sunday,8556459,14087,2019-03-21 13:00:00
39,IB,Sunday,8556459,16776,2019-03-21 13:07:00
39,IB,Sunday,8556459,16750,2019-03-21 13:10:00
39,IB,Sunday,8556459,15471,2019-03-21 13:16:00
39,IB,Sunday,8556460,14087,2019-03-21 13:20:00
39,IB,Sunday,8556460,16776,2019-03-21 13:27:00
39,IB,Sunday,8556460,16750,2019-03-21 13:30:00
39,IB,Sunday,8556460,15471,2019-03-21 13:36:00
39,IB,Sunday,8556461,14087,2019-03-21 13:40:00
39,IB,Sunday,8556461,16776,2019-03-21 13:47:00
39,IB,Sunday,8556461,16750,2019-03-21 13:50:00
39,IB,Sunday,8556461,15471,2019-03-21 13:56:00
39,IB,Sunday,8556462,14087,2019-03-21 14:00:00
39,IB,Sunday,8556462,16776,2019-03-21 14:07:00
39,IB,Sunday,8556462,16750,2019-03-21 14:10:00
39,IB,Sunday,8556462,15471,2019-03-21 14:16:00
39,IB,Sunday,8556463,14087,2019-03-21 14:20:00
39,IB,Sunday,8556463,16776,2019-03-21 14:27:00
39,IB,Sunday,8556463,16750,2019-03-21 14:30:00
39,IB,Sunday,8556463,15471,2019-03-21 14:36:00
39,IB,Sunday,8556464,14087,2019-03-21 14:40:00
39,IB,Sunday,8556464,16776,2019-03-21 14:47:00
39,IB,Sunday,8556464,16750,2019-03-21 14:50:00
39,IB,Sunday,8556464,15471,2019-03-21 14:56:00
39,IB,Sunday,8556465,14087,2019-03-21 15:00:00
39,IB,Sunday,8556465,16776,2019-03-21 15:07:00
39,IB,Sunday,8556465,16750,2019-03-21 15:10:00
39,IB,Sunday,8556465,15471,2019-03-21 15:16:00
39,IB,Sunday,8556466,14087,2019-03-21 15:20:00
39,IB,Sunday,8556466,16776,2019-03-21 15:27:00
39,IB,Sunday,8556466,16750,2019-03-21 15:30:00
39,IB,Sunday,8556466,15471,2019-03-21 15:36:00
39,IB,Sunday,8556467,14087,2019-03-21 15:40:00
39,IB,Sunday,8556467,16776,2019-03-21 15:47:00
39,IB,Sunday,8556467,16750,2019-03-21 15:50:00
39,IB,Sunday,8556467,15471,2019-03-21 15:56:00
39,IB,Sunday,8556468,14087,2019-03-21 16:00:00
39,IB,Sunday,8556468,16776,2019-03-21 16:07:00
39,IB,Sunday,8556468,16750,2019-03-21 16:10:00
39,IB,Sunday,8556468,15471,2019-03-21 16:16:00
39,IB,Sunday,8556469,14087,2019-03-21 16:20:00
39,IB,Sunday,8556469,16776,2019-03-21 16:27:00
39,IB,Sunday,8556469,16750,2019-03-21 16:30:00
39,IB,Sunday,8556469,15471,2019-03-21 16:36:00
39,IB,Sunday,8556470,14087,2019-03-21 16:40:00
39,IB,Sunday,8556470,16776,2019-03-21 16:47:00
39,IB,Sunday,8556470,16750,2019-03-21 16:50:00
39,IB,Sunday,8556470,15471,2019-03-21 16:56:00
39,IB,Sunday,8556471,14087,2019-03-21 17:00:00
39,IB,Sunday,8556471,16776,2019-03-21 17:07:00
39,IB,Sunday,8556471,16750,2019-03-21 17:10:00
39,IB,Sunday,8556471,15471,2019-03-21 17:16:00
39,IB,Sunday,8556472,14087,2019-03-21 17:20:00
39,IB,Sunday,8556472,16776,2019-03-21 17:27:00
39,IB,Sunday,8556472,16750,2019-03-21 17:30:00
39,IB,Sunday,8556472,15471,2019-03-21 17:36:00
39,IB,Sunday,8556473,14087,2019-03-21 17:40:00
39,IB,Sunday,8556473,16776,2019-03-21 17:47:00
39,IB,Sunday,8556473,16750,2019-03-21 17:50:00
39,IB,Sunday,8556473,15471,2019-03-21 17:56:00
39,IB,Sunday,8556474,14087,2019-03-21 18:00:00
39,IB,Sunday,8556474,16776,2019-03-21 18:07:00
39,IB,Sunday,8556474,16750,2019-03-21 18:10:00
39,IB,Sunday,8556474,15471,2019-03-21 18:16:00
39,IB,Sunday,8556475,14087,2019-03-21 18:20:00
39,IB,Sunday,8556475,16776,2019-03-21 18:27:00
39,IB,Sunday,8556475,16750,2019-03-21 18:30:00
39,IB,Sunday,8556475,15471,2019-03-21 18:36:00
39,IB,Sunday,8556476,14087,2019-03-21 18:40:00
39,IB,Sunday,8556476,16776,2019-03-21 18:47:00
39,IB,Sunday,8556476,16750,2019-03-21 18:50:00
39,IB,Sunday,8556476,15471,2019-03-21 18:56:00
39,IB,Sunday,8556477,14087,2019-03-21 19:00:00
39,IB,Sunday,8556477,16776,2019-03-21 19:07:00
39,IB,Sunday,8556477,16750,2019-03-21 19:10:00
39,IB,Sunday,8556477,15471,2019-03-21 19:16:00
39,IB,Sunday,8556478,14087,2019-03-21 19:20:00
39,IB,Sunday,8556478,16776,2019-03-21 19:27:00
39,IB,Sunday,8556478,16750,2019-03-21 19:30:00
39,IB,Sunday,8556478,15471,2019-03-21 19:36:00
39,IB,Weekday,8556354,14087,2019-03-21 09:20:00
39,IB,Weekday,8556354,16776,2019-03-21 09:27:00
39,IB,Weekday,8556354,16750,2019-03-21 09:30:00
39,IB,Weekday,8556354,15471,2019-03-21 09:36:00
39,IB,Weekday,8556353,14087,2019-03-21 09:40:00
39,IB,Weekday,8556353,16776,2019-03-21 09:47:00
39,IB,Weekday,8556353,16750,2019-03-21 09:50:00
39,IB,Weekday,8556353,15471,2019-03-21 09:56:00
39,IB,Weekday,8556352,14087,2019-03-21 10:00:00
39,IB,Weekday,8556352,16776,2019-03-21 10:07:00
39,IB,Weekday,8556352,16750,2019-03-21 10:10:00
39,IB,Weekday,8556352,15471,2019-03-21 10:16:00
39,IB,Weekday,8556351,14087,2019-03-21 10:20:00
39,IB,Weekday,8556351,16776,2019-03-21 10:27:00
39,IB,Weekday,8556351,16750,2019-03-21 10:30:00
39,IB,Weekday,8556351,15471,2019-03-21 10:36:00
39,IB,Weekday,8556350,14087,2019-03-21 10:40:00
39,IB,Weekday,8556350,16776,2019-03-21 10:47:00
39,IB,Weekday,8556350,16750,2019-03-21 10:50:00
39,IB,Weekday,8556350,15471,2019-03-21 10:56:00
39,IB,Weekday,8556349,14087,2019-03-21 11:00:00
39,IB,Weekday,8556349,16776,2019-03-21 11:07:00
39,IB,Weekday,8556349,16750,2019-03-21 11:10:00
39,IB,Weekday,8556349,15471,2019-03-21 11:16:00
39,IB,Weekday,8556348,14087,2019-03-21 11:20:00
39,IB,Weekday,8556348,16776,2019-03-21 11:27:00
39,IB,Weekday,8556348,16750,2019-03-21 11:30:00
39,IB,Weekday,8556348,15471,2019-03-21 11:36:00
39,IB,Weekday,8556347,14087,2019-03-21 11:40:00
39,IB,Weekday,8556347,16776,2019-03-21 11:47:00
39,IB,Weekday,8556347,16750,2019-03-21 11:50:00
39,IB,Weekday,8556347,15471,2019-03-21 11:56:00
39,IB,Weekday,8556346,14087,2019-03-21 12:00:00
39,IB,Weekday,8556346,16776,2019-03-21 12:07:00
39,IB,Weekday,8556346,16750,2019-03-21 12:10:00
39,IB,Weekday,8556346,15471,2019-03-21 12:16:00
39,IB,Weekday,8556345,14087,2019-03-21 12:20:00
39,IB,Weekday,8556345,16776,2019-03-21 12:27:00
39,IB,Weekday,8556345,16750,2019-03-21 12:30:00
39,IB,Weekday,8556345,15471,2019-03-21 12:36:00
39,IB,Weekday,8556344,14087,2019-03-21 12:40:00
39,IB,Weekday,8556344,16776,2019-03-21 12:47:00
39,IB,Weekday,8556344,16750,2019-03-21 12:50:00
39,IB,Weekday,8556344,15471,2019-03-21 12:56:00
39,IB,Weekday,8556343,14087,2019-03-21 13:00:00
39,IB,Weekday,8556343,16776,2019-03-21 13:07:00
39,IB,Weekday,8556343,16750,2019-03-21 13:10:00
39,IB,Weekday,8556343,15471,2019-03-21 13:16:00
39,IB,Weekday,8556342,14087,2019-03-21 13:20:00
39,IB,Weekday,8556342,16776,2019-03-21 13:27:00
39,IB,Weekday,8556342,16750,2019-03-21 13:30:00
39,IB,Weekday,8556342,15471,2019-03-21 13:36:00
39,IB,Weekday,8556341,14087,2019-03-21 13:40:00
39,IB,Weekday,8556341,16776,2019-03-21 13:47:00
39,IB,Weekday,8556341,16750,2019-03-21 13:50:00
39,IB,Weekday,8556341,15471,2019-03-21 13:56:00
39,IB,Weekday,8556340,14087,2019-03-21 14:00:00
39,IB,Weekday,8556340,16776,2019-03-21 14:07:00
39,IB,Weekday,8556340,16750,2019-03-21 14:10:00
39,IB,Weekday,8556340,15471,2019-03-21 14:16:00
39,IB,Weekday,8556339,14087,2019-03-21 14:20:00
39,IB,Weekday,8556339,16776,2019-03-21 14:27:00
39,IB,Weekday,8556339,16750,2019-03-21 14:30:00
39,IB,Weekday,8556339,15471,2019-03-21 14:36:00
39,IB,Weekday,8556338,14087,2019-03-21 14:40:00
39,IB,Weekday,8556338,16776,2019-03-21 14:47:00
39,IB,Weekday,8556338,16750,2019-03-21 14:50:00
39,IB,Weekday,8556338,15471,2019-03-21 14:56:00
39,IB,Weekday,8556337,14087,2019-03-21 15:00:00
39,IB,Weekday,8556337,16776,2019-03-21 15:07:00
39,IB,Weekday,8556337,16750,2019-03-21 15:10:00
39,IB,Weekday,8556337,15471,2019-03-21 15:16:00
39,IB,Weekday,8556336,14087,2019-03-21 15:20:00
39,IB,Weekday,8556336,16776,2019-03-21 15:27:00
39,IB,Weekday,8556336,16750,2019-03-21 15:30:00
39,IB,Weekday,8556336,15471,2019-03-21 15:36:00
39,IB,Weekday,8556335,14087,2019-03-21 15:40:00
39,IB,Weekday,8556335,16776,2019-03-21 15:47:00
39,IB,Weekday,8556335,16750,2019-03-21 15:50:00
39,IB,Weekday,8556335,15471,2019-03-21 15:56:00
39,IB,Weekday,8556334,14087,2019-03-21 16:00:00
39,IB,Weekday,8556334,16776,2019-03-21 16:07:00
39,IB,Weekday,8556334,16750,2019-03-21 16:10:00
39,IB,Weekday,8556334,15471,2019-03-21 16:16:00
39,IB,Weekday,8556333,14087,2019-03-21 16:20:00
39,IB,Weekday,8556333,16776,2019-03-21 16:27:00
39,IB,Weekday,8556333,16750,2019-03-21 16:30:00
39,IB,Weekday,8556333,15471,2019-03-21 16:36:00
39,IB,Weekday,8556332,14087,2019-03-21 16:40:00
39,IB,Weekday,8556332,16776,2019-03-21 16:47:00
39,IB,Weekday,8556332,16750,2019-03-21 16:50:00
39,IB,Weekday,8556332,15471,2019-03-21 16:56:00
39,IB,Weekday,8556331,14087,2019-03-21 17:00:00
39,IB,Weekday,8556331,16776,2019-03-21 17:07:00
39,IB,Weekday,8556331,16750,2019-03-21 17:10:00
39,IB,Weekday,8556331,15471,2019-03-21 17:16:00
39,IB,Weekday,8556330,14087,2019-03-21 17:20:00
39,IB,Weekday,8556330,16776,2019-03-21 17:27:00
39,IB,Weekday,8556330,16750,2019-03-21 17:30:00
39,IB,Weekday,8556330,15471,2019-03-21 17:36:00
39,IB,Weekday,8556329,14087,2019-03-21 17:40:00
39,IB,Weekday,8556329,16776,2019-03-21 17:47:00
39,IB,Weekday,8556329,16750,2019-03-21 17:50:00
39,IB,Weekday,8556329,15471,2019-03-21 17:56:00
39,IB,Weekday,8556328,14087,2019-03-21 18:00:00
39,IB,Weekday,8556328,16776,2019-03-21 18:07:00
39,IB,Weekday,8556328,16750,2019-03-21 18:10:00
39,IB,Weekday,8556328,15471,2019-03-21 18:16:00
39,IB,Weekday,8556327,14087,2019-03-21 18:20:00
39,IB,Weekday,8556327,16776,2019-03-21 18:27:00
39,IB,Weekday,8556327,16750,2019-03-21 18:30:00
39,IB,Weekday,8556327,15471,2019-03-21 18:36:00
39,IB,Weekday,8556326,14087,2019-03-21 18:40:00
39,IB,Weekday,8556326,16776,2019-03-21 18:47:00
39,IB,Weekday,8556326,16750,2019-03-21 18:50:00
39,IB,Weekday,8556326,15471,2019-03-21 18:56:00
39,IB,Weekday,8556325,14087,2019-03-21 19:00:00
39,IB,Weekday,8556325,16776,2019-03-21 19:07:00
39,IB,Weekday,8556325,16750,2019-03-21 19:10:00
39,IB,Weekday,8556325,15471,2019-03-21 19:16:00
39,IB,Weekday,8556324,14087,2019-03-21 19:20:00
39,IB,Weekday,8556324,16776,2019-03-21 19:27:00
39,IB,Weekday,8556324,16750,2019-03-21 19:30:00
39,IB,Weekday,8556324,15471,2019-03-21 19:36:00
39,OB,Saturday,8556355,15471,2019-03-21 09:04:00
39,OB,Saturday,8556355,16751,2019-03-21 09:14:00
39,OB,Saturday,8556355,14087,2019-03-21 09:19:00
39,OB,Saturday,8556356,15471,2019-03-21 09:24:00
39,OB,Saturday,8556356,16751,2019-03-21 09:34:00
39,OB,Saturday,8556356,14087,2019-03-21 09:39:00
39,OB,Saturday,8556357,15471,2019-03-21 09:44:00
39,OB,Saturday,8556357,16751,2019-03-21 09:54:00
39,OB,Saturday,8556357,14087,2019-03-21 09:59:00
39,OB,Saturday,8556358,15471,2019-03-21 10:04:00
39,OB,Saturday,8556358,16751,2019-03-21 10:14:00
39,OB,Saturday,8556358,14087,2019-03-21 10:19:00
39,OB,Saturday,8556359,15471,2019-03-21 10:24:00
39,OB,Saturday,8556359,16751,2019-03-21 10:34:00
39,OB,Saturday,8556359,14087,2019-03-21 10:39:00
39,OB,Saturday,8556360,15471,2019-03-21 10:44:00
39,OB,Saturday,8556360,16751,2019-03-21 10:54:00
39,OB,Saturday,8556360,14087,2019-03-21 10:59:00
39,OB,Saturday,8556361,15471,2019-03-21 11:04:00
39,OB,Saturday,8556361,16751,2019-03-21 11:14:00
39,OB,Saturday,8556361,14087,2019-03-21 11:19:00
39,OB,Saturday,8556362,15471,2019-03-21 11:24:00
39,OB,Saturday,8556362,16751,2019-03-21 11:34:00
39,OB,Saturday,8556362,14087,2019-03-21 11:39:00
39,OB,Saturday,8556363,15471,2019-03-21 11:44:00
39,OB,Saturday,8556363,16751,2019-03-21 11:54:00
39,OB,Saturday,8556363,14087,2019-03-21 11:59:00
39,OB,Saturday,8556364,15471,2019-03-21 12:04:00
39,OB,Saturday,8556364,16751,2019-03-21 12:14:00
39,OB,Saturday,8556364,14087,2019-03-21 12:19:00
39,OB,Saturday,8556365,15471,2019-03-21 12:24:00
39,OB,Saturday,8556365,16751,2019-03-21 12:34:00
39,OB,Saturday,8556365,14087,2019-03-21 12:39:00
39,OB,Saturday,8556366,15471,2019-03-21 12:44:00
39,OB,Saturday,8556366,16751,2019-03-21 12:54:00
39,OB,Saturday,8556366,14087,2019-03-21 12:59:00
39,OB,Saturday,8556367,15471,2019-03-21 13:04:00
39,OB,Saturday,8556367,16751,2019-03-21 13:14:00
39,OB,Saturday,8556367,14087,2019-03-21 13:19:00
39,OB,Saturday,8556368,15471,2019-03-21 13:24:00
39,OB,Saturday,8556368,16751,2019-03-21 13:34:00
39,OB,Saturday,8556368,14087,2019-03-21 13:39:00
39,OB,Saturday,8556369,15471,2019-03-21 13:44:00
39,OB,Saturday,8556369,16751,2019-03-21 13:54:00
39,OB,Saturday,8556369,14087,2019-03-21 13:59:00
39,OB,Saturday,8556370,15471,2019-03-21 14:04:00
39,OB,Saturday,8556370,16751,2019-03-21 14:14:00
39,OB,Saturday,8556370,14087,2019-03-21 14:19:00
39,OB,Saturday,8556371,15471,2019-03-21 14:24:00
39,OB,Saturday,8556371,16751,2019-03-21 14:34:00
39,OB,Saturday,8556371,14087,2019-03-21 14:39:00
39,OB,Saturday,8556372,15471,2019-03-21 14:44:00
39,OB,Saturday,8556372,16751,2019-03-21 14:54:00
39,OB,Saturday,8556372,14087,2019-03-21 14:59:00
39,OB,Saturday,8556373,15471,2019-03-21 15:04:00
39,OB,Saturday,8556373,16751,2019-03-21 15:14:00
39,OB,Saturday,8556373,14087,2019-03-21 15:19:00
39,OB,Saturday,8556374,15471,2019-03-21 15:24:00
39,OB,Saturday,8556374,16751,2019-03-21 15:34:00
39,OB,Saturday,8556374,14087,2019-03-21 15:39:00
39,OB,Saturday,8556375,15471,2019-03-21 15:44:00
39,OB,Saturday,8556375,16751,2019-03-21 15:54:00
39,OB,Saturday,8556375,14087,2019-03-21 15:59:00
39,OB,Saturday,8556376,15471,2019-03-21 16:04:00
39,OB,Saturday,8556376,16751,2019-03-21 16:14:00
39,OB,Saturday,8556376,14087,2019-03-21 16:19:00
39,OB,Saturday,8556377,15471,2019-03-21 16:24:00
39,OB,Saturday,8556377,16751,2019-03-21 16:34:00
39,OB,Saturday,8556377,14087,2019-03-21 16:39:00
39,OB,Saturday,8556378,15471,2019-03-21 16:44:00
39,OB,Saturday,8556378,16751,2019-03-21 16:54:00
39,OB,Saturday,8556378,14087,2019-03-21 16:59:00
39,OB,Saturday,8556379,15471,2019-03-21 17:04:00
39,OB,Saturday,8556379,16751,2019-03-21 17:14:00
39,OB,Saturday,8556379,14087,2019-03-21 17:19:00
39,OB,Saturday,8556380,15471,2019-03-21 17:24:00
39,OB,Saturday,8556380,16751,2019-03-21 17:34:00
39,OB,Saturday,8556380,14087,2019-03-21 17:39:00
39,OB,Saturday,8556381,15471,2019-03-21 17:44:00
39,OB,Saturday,8556381,16751,2019-03-21 17:54:00
39,OB,Saturday,8556381,14087,2019-03-21 17:59:00
39,OB,Saturday,8556382,15471,2019-03-21 18:04:00
39,OB,Saturday,8556382,16751,2019-03-21 18:14:00
39,OB,Saturday,8556382,14087,2019-03-21 18:19:00
39,OB,Saturday,8556383,15471,2019-03-21 18:24:00
39,OB,Saturday,8556383,16751,2019-03-21 18:34:00
39,OB,Saturday,8556383,14087,2019-03-21 18:39:00
39,OB,Saturday,8556384,15471,2019-03-21 18:44:00
39,OB,Saturday,8556384,16751,2019-03-21 18:54:00
39,OB,Saturday,8556384,14087,2019-03-21 18:59:00
39,OB,Saturday,8556385,15471,2019-03-21 19:04:00
39,OB,Saturday,8556385,16751,2019-03-21 19:14:00
39,OB,Saturday,8556385,14087,2019-03-21 19:19:00
39,OB,Sunday,8556441,15471,2019-03-21 09:04:00
39,OB,Sunday,8556441,16751,2019-03-21 09:14:00
39,OB,Sunday,8556441,14087,2019-03-21 09:19:00
39,OB,Sunday,8556442,15471,2019-03-21 09:24:00
39,OB,Sunday,8556442,16751,2019-03-21 09:34:00
39,OB,Sunday,8556442,14087,2019-03-21 09:39:00
39,OB,Sunday,8556443,15471,2019-03-21 09:44:00
39,OB,Sunday,8556443,16751,2019-03-21 09:54:00
39,OB,Sunday,8556443,14087,2019-03-21 09:59:00
39,OB,Sunday,8556440,15471,2019-03-21 10:04:00
39,OB,Sunday,8556440,16751,2019-03-21 10:14:00
39,OB,Sunday,8556440,14087,2019-03-21 10:19:00
39,OB,Sunday,8556424,15471,2019-03-21 10:24:00
39,OB,Sunday,8556424,16751,2019-03-21 10:34:00
39,OB,Sunday,8556424,14087,2019-03-21 10:39:00
39,OB,Sunday,8556425,15471,2019-03-21 10:44:00
39,OB,Sunday,8556425,16751,2019-03-21 10:54:00
39,OB,Sunday,8556425,14087,2019-03-21 10:59:00
39,OB,Sunday,8556426,15471,2019-03-21 11:04:00
39,OB,Sunday,8556426,16751,2019-03-21 11:14:00
39,OB,Sunday,8556426,14087,2019-03-21 11:19:00
39,OB,Sunday,8556427,15471,2019-03-21 11:24:00
39,OB,Sunday,8556427,16751,2019-03-21 11:34:00
39,OB,Sunday,8556427,14087,2019-03-21 11:39:00
39,OB,Sunday,8556428,15471,2019-03-21 11:44:00
39,OB,Sunday,8556428,16751,2019-03-21 11:54:00
39,OB,Sunday,8556428,14087,2019-03-21 11:59:00
39,OB,Sunday,8556429,15471,2019-03-21 12:04:00
39,OB,Sunday,8556429,16751,2019-03-21 12:14:00
39,OB,Sunday,8556429,14087,2019-03-21 12:19:00
39,OB,Sunday,8556430,15471,2019-03-21 12:24:00
39,OB,Sunday,8556430,16751,2019-03-21 12:34:00
39,OB,Sunday,8556430,14087,2019-03-21 12:39:00
39,OB,Sunday,8556431,15471,2019-03-21 12:44:00
39,OB,Sunday,8556431,16751,2019-03-21 12:54:00
39,OB,Sunday,8556431,14087,2019-03-21 12:59:00
39,OB,Sunday,8556432,15471,2019-03-21 13:04:00
39,OB,Sunday,8556432,16751,2019-03-21 13:14:00
39,OB,Sunday,8556432,14087,2019-03-21 13:19:00
39,OB,Sunday,8556433,15471,2019-03-21 13:24:00
39,OB,Sunday,8556433,16751,2019-03-21 13:34:00
39,OB,Sunday,8556433,14087,2019-03-21 13:39:00
39,OB,Sunday,8556434,15471,2019-03-21 13:44:00
39,OB,Sunday,8556434,16751,2019-03-21 13:54:00
39,OB,Sunday,8556434,14087,2019-03-21 13:59:00
39,OB,Sunday,8556435,15471,2019-03-21 14:04:00
39,OB,Sunday,8556435,16751,2019-03-21 14:14:00
39,OB,Sunday,8556435,14087,2019-03-21 14:19:00
39,OB,Sunday,8556436,15471,2019-03-21 14:24:00
39,OB,Sunday,8556436,16751,2019-03-21 14:34:00
39,OB,Sunday,8556436,14087,2019-03-21 14:39:00
39,OB,Sunday,8556437,15471,2019-03-21 14:44:00
39,OB,Sunday,8556437,16751,2019-03-21 14:54:00
39,OB,Sunday,8556437,14087,2019-03-21 14:59:00
39,OB,Sunday,8556438,15471,2019-03-21 15:04:00
39,OB,Sunday,8556438,16751,2019-03-21 15:14:00
39,OB,Sunday,8556438,14087,2019-03-21 15:19:00
39,OB,Sunday,8556439,15471,2019-03-21 15:24:00
39,OB,Sunday,8556439,16751,2019-03-21 15:34:00
39,OB,Sunday,8556439,14087,2019-03-21 15:39:00
39,OB,Sunday,8556444,15471,2019-03-21 15:44:00
39,OB,Sunday,8556444,16751,2019-03-21 15:54:00
39,OB,Sunday,8556444,14087,2019-03-21 15:59:00
39,OB,Sunday,8556445,15471,2019-03-21 16:04:00
39,OB,Sunday,8556445,16751,2019-03-21 16:14:00
39,OB,Sunday,8556445,14087,2019-03-21 16:19:00
39,OB,Sunday,8556446,15471,2019-03-21 16:24:00
39,OB,Sunday,8556446,16751,2019-03-21 16:34:00
39,OB,Sunday,8556446,14087,2019-03-21 16:39:00
39,OB,Sunday,8556447,15471,2019-03-21 16:44:00
39,OB,Sunday,8556447,16751,2019-03-21 16:54:00
39,OB,Sunday,8556447,14087,2019-03-21 16:59:00
39,OB,Sunday,8556417,15471,2019-03-21 17:04:00
39,OB,Sunday,8556417,16751,2019-03-21 17:14:00
39,OB,Sunday,8556417,14087,2019-03-21 17:19:00
39,OB,Sunday,8556418,15471,2019-03-21 17:24:00
39,OB,Sunday,8556418,16751,2019-03-21 17:34:00
39,OB,Sunday,8556418,14087,2019-03-21 17:39:00
39,OB,Sunday,8556419,15471,2019-03-21 17:44:00
39,OB,Sunday,8556419,16751,2019-03-21 17:54:00
39,OB,Sunday,8556419,14087,2019-03-21 17:59:00
39,OB,Sunday,8556420,15471,2019-03-21 18:04:00
39,OB,Sunday,8556420,16751,2019-03-21 18:14:00
39,OB,Sunday,8556420,14087,2019-03-21 18:19:00
39,OB,Sunday,8556421,15471,2019-03-21 18:24:00
39,OB,Sunday,8556421,16751,2019-03-21 18:34:00
39,OB,Sunday,8556421,14087,2019-03-21 18:39:00
39,OB,Sunday,8556422,15471,2019-03-21 18:44:00
39,OB,Sunday,8556422,16751,2019-03-21 18:54:00
39,OB,Sunday,8556422,14087,2019-03-21 18:59:00
39,OB,Sunday,8556423,15471,2019-03-21 19:04:00
39,OB,Sunday,8556423,16751,2019-03-21 19:14:00
39,OB,Sunday,8556423,14087,2019-03-21 19:19:00
39,OB,Weekday,8556321,15471,2019-03-21 09:04:00
39,OB,Weekday,8556321,16751,2019-03-21 09:14:00
39,OB,Weekday,8556321,14087,2019-03-21 09:19:00
39,OB,Weekday,8556323,15471,2019-03-21 09:24:00
39,OB,Weekday,8556323,16751,2019-03-21 09:34:00
39,OB,Weekday,8556323,14087,2019-03-21 09:39:00
39,OB,Weekday,8556322,15471,2019-03-21 09:44:00
39,OB,Weekday,8556322,16751,2019-03-21 09:54:00
39,OB,Weekday,8556322,14087,2019-03-21 09:59:00
39,OB,Weekday,8556320,15471,2019-03-21 10:04:00
39,OB,Weekday,8556320,16751,2019-03-21 10:14:00
39,OB,Weekday,8556320,14087,2019-03-21 10:19:00
39,OB,Weekday,8556319,15471,2019-03-21 10:24:00
39,OB,Weekday,8556319,16751,2019-03-21 10:34:00
39,OB,Weekday,8556319,14087,2019-03-21 10:39:00
39,OB,Weekday,8556318,15471,2019-03-21 10:44:00
39,OB,Weekday,8556318,16751,2019-03-21 10:54:00
39,OB,Weekday,8556318,14087,2019-03-21 10:59:00
39,OB,Weekday,8556317,15471,2019-03-21 11:04:00
39,OB,Weekday,8556317,16751,2019-03-21 11:14:00
39,OB,Weekday,8556317,14087,2019-03-21 11:19:00
39,OB,Weekday,8556316,15471,2019-03-21 11:24:00
39,OB,Weekday,8556316,16751,2019-03-21 11:34:00
39,OB,Weekday,8556316,14087,2019-03-21 11:39:00
39,OB,Weekday,8556315,15471,2019-03-21 11:44:00
39,OB,Weekday,8556315,16751,2019-03-21 11:54:00
39,OB,Weekday,8556315,14087,2019-03-21 11:59:00
39,OB,Weekday,8556314,15471,2019-03-21 12:04:00
39,OB,Weekday,8556314,16751,2019-03-21 12:14:00
39,OB,Weekday,8556314,14087,2019-03-21 12:19:00
39,OB,Weekday,8556313,15471,2019-03-21 12:24:00
39,OB,Weekday,8556313,16751,2019-03-21 12:34:00
39,OB,Weekday,8556313,14087,2019-03-21 12:39:00
39,OB,Weekday,8556312,15471,2019-03-21 12:44:00
39,OB,Weekday,8556312,16751,2019-03-21 12:54:00
39,OB,Weekday,8556312,14087,2019-03-21 12:59:00
39,OB,Weekday,8556311,15471,2019-03-21 13:04:00
39,OB,Weekday,8556311,16751,2019-03-21 13:14:00
39,OB,Weekday,8556311,14087,2019-03-21 13:19:00
39,OB,Weekday,8556310,15471,2019-03-21 13:24:00
39,OB,Weekday,8556310,16751,2019-03-21 13:34:00
39,OB,Weekday,8556310,14087,2019-03-21 13:39:00
39,OB,Weekday,8556309,15471,2019-03-21 13:44:00
39,OB,Weekday,8556309,16751,2019-03-21 13:54:00
39,OB,Weekday,8556309,14087,2019-03-21 13:59:00
39,OB,Weekday,8556308,15471,2019-03-21 14:04:00
39,OB,Weekday,8556308,16751,2019-03-21 14:14:00
39,OB,Weekday,8556308,14087,2019-03-21 14:19:00
39,OB,Weekday,8556307,15471,2019-03-21 14:24:00
39,OB,Weekday,8556307,16751,2019-03-21 14:34:00
39,OB,Weekday,8556307,14087,2019-03-21 14:39:00
39,OB,Weekday,8556306,15471,2019-03-21 14:44:00
39,OB,Weekday,8556306,16751,2019-03-21 14:54:00
39,OB,Weekday,8556306,14087,2019-03-21 14:59:00
39,OB,Weekday,8556305,15471,2019-03-21 15:04:00
39,OB,Weekday,8556305,16751,2019-03-21 15:14:00
39,OB,Weekday,8556305,14087,2019-03-21 15:19:00
39,OB,Weekday,8556304,15471,2019-03-21 15:24:00
39,OB,Weekday,8556304,16751,2019-03-21 15:34:00
39,OB,Weekday,8556304,14087,2019-03-21 15:39:00
39,OB,Weekday,8556303,15471,2019-03-21 15:44:00
39,OB,Weekday,8556303,16751,2019-03-21 15:54:00
39,OB,Weekday,8556303,14087,2019-03-21 15:59:00
39,OB,Weekday,8556302,15471,2019-03-21 16:04:00
39,OB,Weekday,8556302,16751,2019-03-21 16:14:00
39,OB,Weekday,8556302,14087,2019-03-21 16:19:00
39,OB,Weekday,8556301,15471,2019-03-21 16:24:00
39,OB,Weekday,8556301,16751,2019-03-21 16:34:00
39,OB,Weekday,8556301,14087,2019-03-21 16:39:00
39,OB,Weekday,8556300,15471,2019-03-21 16:44:00
39,OB,Weekday,8556300,16751,2019-03-21 16:54:00
39,OB,Weekday,8556300,14087,2019-03-21 16:59:00
39,OB,Weekday,8556299,15471,2019-03-21 17:04:00
39,OB,Weekday,8556299,16751,2019-03-21 17:14:00
39,OB,Weekday,8556299,14087,2019-03-21 17:19:00
39,OB,Weekday,8556298,15471,2019-03-21 17:24:00
39,OB,Weekday,8556298,16751,2019-03-21 17:34:00
39,OB,Weekday,8556298,14087,2019-03-21 17:39:00
39,OB,Weekday,8556297,15471,2019-03-21 17:44:00
39,OB,Weekday,8556297,16751,2019-03-21 17:54:00
39,OB,Weekday,8556297,14087,2019-03-21 17:59:00
39,OB,Weekday,8556296,15471,2019-03-21 18:04:00
39,OB,Weekday,8556296,16751,2019-03-21 18:14:00
39,OB,Weekday,8556296,14087,2019-03-21 18:19:00
39,OB,Weekday,8556295,15471,2019-03-21 18:24:00
39,OB,Weekday,8556295,16751,2019-03-21 18:34:00
39,OB,Weekday,8556295,14087,2019-03-21 18:39:00
39,OB,Weekday,8556294,15471,2019-03-21 18:44:00
39,OB,Weekday,8556294,16751,2019-03-21 18:54:00
39,OB,Weekday,8556294,14087,2019-03-21 18:59:00
39,OB,Weekday,8556293,15471,2019-03-21 19:04:00
39,OB,Weekday,8556293,16751,2019-03-21 19:14:00
39,OB,Weekday,8556293,14087,2019-03-21 19:19:00
